SMILES,label
CC(C)N(CCC(CCN1CCCCC1)(C(N)=O)c1ccc(F)cc1)C(C)C,0
COc1ccc(-c2cc3ncc(-c4ccccc4)cc3c(NCCCN)n2)cc1,0
O=C1c2ccccc2C(=O)N1c1ccccc1,1
CCCCCc1ccc2nc(O)sc2c1,0
O=C1c2ccccc2C(=O)c2ccccc12,1
O=C1NC(=O)c2cc(C(F)(F)F)ccc12,1
Clc1ccc(-c2nc3ccccc3[nH]2)cc1,1
CC(C)N(CC[C@](C(N)=O)(c1ccccc1)c1ccccn1)C(C)C,0
OC1(c2nc(-c3ccc(F)cc3)c(-c3ccncc3)[nH]2)CC1,0
c1ccc2c(c1)nco2,1
O=C1NC(=O)c2cc(F)ccc12,1
Cc1ccc2c(c1)CCNC2,1
c1ccc(C(c2ccccc2)n2ccnc2)cc1,1
CCCN1CCN(C2=Nc3ccccc3CC=C2c2ccc(F)cc2)CC1.O=C(O)/C=C/C(=O)O,0
Fc1ccc(-c2nc3ccccc3[nH]2)cc1,1
O=C(O)c1ccccc1O,1
Cc1nc2ccccc2s1,1
CCCN(C/C=C/C#CC(C)(C)C)c1cccc2c1CCC(=O)N2,0
CCOc1ccc(Nc2ccnc3ccc(N)cc23)cc1,0
Fc1ccc(-n2cncn2)cc1,1
COc1cc2c(CCNC(C)=O)c[nH]c2cc1Cl,0
CNc1cc(OC)c(C(=O)NCC2CN(Cc3ccccc3)CCO2)cc1Cl.O=C(O)/C=C/C(=O)O,0
O=C(NCc1ccc(I)cc1)OCCCc1c[nH]cn1,0
c1ccc2nccnc2c1,1
OCc1ccc(-n2cncn2)cc1,1
CC(C)(CCn1cnc2c(O)nc(N)nc21)CCP(=O)(O)O,0
O=C1NC(=O)c2ccccc12,1
c1ccc(C(=O)Nc2ccccc2)cc1,1
CCOC(=O)c1ccc(-c2ccc(OS(N)(=O)=O)cc2)cc1,0
COc1ccc2ccc(=O)oc2c1,1
c1ccc(-n2nccc2)cc1,1
CCC(=O)C1C(c2ccccc2)CC2CCC1N2C,0
NCCOCCOCn1cnc2c(O)nc(N)nc21,0
CC(C)Cc1ccc(C(C)C(=O)O)cc1,1
Fc1ccc(Nc2ncnc3ccccc23)cc1,1
Cn1nc(-c2ccc(Cl)cc2)nc1S(C)(=O)=O,0
c1ccc(CNc2ccccc2)cc1,1
c1ccc(C2CCCCN2)cc1,1
c1cnc2ccccc2n1,1
c1ccc(C(O)C2CCCCC2)cc1,1
c1ccc(N2CCNCC2)cc1,1
O=C(NCc1ccccc1)c1ccccc1,1
CCn1cc(C(=O)O)c(=O)c2cc(F)c(N3CCN(Cc4ccc(N)cc4)CC3)cc21,0
O=C1NC(=O)C(c2ccccc2)(c2ccc(O)cc2)N1,1
O=C1NC(=O)c2cc(Br)ccc12,1
C=CCN1CCC2c3c(O)cccc3CCC21,0
O=C(O)CN(C(=O)c1ccccc1)c1ccc2ccccc2c1,0
O=S(=O)(c1ccccc1)c1ccccc1,1
O=C1CCCCC/C1=C\c1cccc(F)c1,0
COc1ccc(COc2ccc(-c3nn(CCC#N)c(=S)o3)cc2)cc1,0
CNc1nnc(-c2cc(C(C)(C)C)c(O)c(C(C)(C)C)c2)s1,0
CCn1c(-c2ccc(OC(C)=O)cc2)c(C)c2cc(OC(C)=O)ccc21,0
c1ccc(C2=Nc3ccccc3S2)cc1,1
c1ccc(-c2cccs2)cc1,1
Cc1ccc(C)c(N2CCN(C3CCCCC3O)CC2)c1,0
O=[N+]([O-])c1ccc(-c2nc(S(=O)(=O)C(F)(F)C(F)F)[nH]c2-c2ccc([N+](=O)[O-])cc2)cc1,0
CCC(=O)c1ccc2c(c1)sc(=O)n2CCN1CCCC1,0
Cc1cc(=O)[nH]c2ccccc12,1
CNCC1CCCc2c1ccc(O)c2O,0
COc1cc(-c2ccccc2)n(-c2ccc(S(N)(=O)=O)cc2)n1,0
NC(N)=NCCC[C@H](N)C(=O)N[C@H](Cc1c[nH]c2ccccc12)C(=O)OCc1ccccc1,0
CCCCn1c(=O)c2c(ncn2S(=O)(=O)c2cccc3ccccc23)n(CCCC)c1=O,0
Nc1ccn(C2CSC(CO)(CO)O2)c(=O)n1,0
NS(=O)(=O)c1ccc(/N=C\c2ncc[nH]2)cc1,0
CC(=O)Nc1ccc(Br)cc1,1
O=C(O)C(=O)/C=C(\O)c1ccc(Cl)c(Cl)c1,0
c1ccc2c(c1)CCCc1ccccc1-2,1
Cc1ccc(N2CCOCC2)cc1,1
O=C1NC(=O)c2cc(Cl)ccc12,1
CC1C(O)=C(C(=O)Nc2ccc(OCCCCCCCC(=O)O)cc2)C(=O)N1c1ccccc1,0
c1ccc2c(c1)cnc1ccccc12,1
c1ccc2c(c1)[nH]c1cccnc12,1
C=CCNC(=O)O[C@H]1CC[C@@](CNC(=O)c2cc(F)ccc2OC)(c2ccccc2)CC1,0
c1ccc(C2CC(c3ccccc3)=NO2)cc1,1
O=C1NC(=O)/C(=C/c2ccc(Cl)cc2Cl)N1,0
O=C1CC(c2ccc(Cl)cc2)C(=O)N1,1
Nc1nc2ccccc2s1,1
Cc1cc(C(=O)Nc2cccc(C(=N)N(C)C)c2)n(-c2cc3ccccc3cc2F)n1,0
CC(=O)OC1(c2ccccc2)Sc2ccccc2-n2cccc21,0
Cc1nn(-c2cccc([N+](=O)[O-])c2)c2oc3cc(OCc4ccccc4)ccc3c(=O)c12,0
Cc1cn(C2CC(O)C(CNC(=O)CCBr)O2)c(=O)[nH]c1=O,0
CCc1ccc(OC(C)=O)c(C(=O)c2ccc(Cl)cc2)c1,0
c1ccc(-c2cncs2)cc1,1
c1ccc(Sc2ccccc2)cc1,1
O=C1CC(c2ccc(F)cc2)C(=O)N1,1
CNC(Cc1ccc2ccccc2c1)C(=O)N[C@H]1CCCC[C@H]1C(=O)N[C@@H](C=O)CCCN=C(N)N,0
c1ccc(Cn2cccn2)cc1,1
COc1ccc(Nc2ncnc3ccccc23)cc1,1
c1ccc(Cn2cncn2)cc1,1
c1ccc(-c2ncc[nH]2)cc1,1
Cc1sc2nc3oc(=O)cc(C)c3cc2c1C,0
Cc1nc2ccccc2o1,1
Fc1ccc(CN2CCOCC2)cc1,1
c1ccc(NC2=NC=NC3=CC=CC=C23)cc1,1
Nc1ccc2c(c1)C(=O)NC2=O,1
COc1ccccc1-c1cc2ncccc2c(NCCCN)n1,0
CCn1c(=O)c2nc(-c3ccc(S(=O)(=O)NCC(C)O)cc3)[nH]c2n(CC)c1=O,0
O=C(c1ccccc1)N1CCNCC1,1
c1ccc([N+](c2ccccc2)c2ccccc2)cc1,1
N#C/C(=C(/N)Sc1ccccc1N)c1cccc(C(=O)c2ccccc2)c1,0
Fc1ccc2c(c1)nc[nH]2,1
c1ccc(Nc2ncnc3ccccc23)cc1,1
CCn1c(=O)[nH]c2ccccc21,1
c1cn(-c2ccc(Cl)cc2)cn1,1
Cn1c(-c2n[nH]c(O)n2)nc2ccccc21,0
c1ccc(Oc2ccccc2)cc1,1
O=c1oc2ccccc2cc1O,1
CC(=O)c1ccc(Oc2ccc(C(C)=O)cc2)cc1,1
c1ccc2c(c1)c1cccnc1[nH]2,1
O=C1COC(C#CC2CC2)(C(F)(F)F)c2cc(Cl)ccc2N1,0
CC(c1cc2cccnc2o1)N(O)C(N)=O,0
CC[C@]1(c2ccccc2F)OC[C@H]([C@@H]2CCCCN2)O1,0
c1ccc(Cc2nnc(Cc3ccccc3)nn2)cc1,0
Clc1ccc(Nc2ncnc3ccccc23)cc1,1
NS(=O)(=O)c1ccc(CCO)cc1,0
O=C(c1ccccc1)N1CCOCC1,1
O=C(O)c1nc2ccccc2[nH]1,1
COc1cc2nc(N3CCN(C(=O)C4COc5ccccc5O4)CC3)cc(N)c2cc1OC,0
Fc1ccc(-c2ccc[nH]2)cc1,1
[N-]=[N+]=NC[C@@H]1CN(n2cccc2)C(=O)O1,0
CC(C)OP(=O)(NC(CNC(=O)CC1CC(c2ccc(C(=N)N)cc2)=NO1)C(=O)O)OC(C)C,0
CC(Oc1ccccc1)C(O)CNC(C)(C)C,0
Cc1cn(CCCNC(=O)c2cc3ccccc3n2C)cn1,0
NC(Cc1nc2cccc(Cl)c2n1CP(=O)(O)O)C(=O)O,0
c1ccc(-n2cccn2)cc1,1
O=[N+]([O-])c1cc2cc(Cl)c3ccccc3c2o1,0
O=C1NC(=O)C(c2ccccc2)(c2ccccc2)N1,1
Oc1ccc(C2=C(c3ccc(O)cc3)c3ccc(O)cc3C2)cc1,0
CN(C(=O)[C@H](Cc1ccc(CN)cc1)NS(=O)(=O)c1ccc2ccccc2c1)C1CCCC1,0
CO[C@H]1C(=O)N2C(C(=O)c3ccccc3)=C(CSc3nnnn3C)CS(=O)(=O)[C@H]12,0
CCCCCCn1c(=O)[nH]c(=O)c2[nH]c(O)nc21,0
c1ccc2[nH]c(=S)[nH]c2c1,1
Clc1ccc2c(c1)nc[nH]2,1
COc1cccc([C@@H]2CC(=O)c3ccccc3N2)c1,0
CNCCSC1=Cc2ccccc2Sc2ccc(O)cc21,0
CC1=C(C(=O)OC(c2ccccc2)c2ccccc2)N2C(=O)[C@@H](NC3=NCCN3)C2SC1,0
CC1=CC(=O)N(c2ccccc2)C(=O)C1,1
C=CCN1CCc2nc(N)sc2CC1,0
c1ccc(-c2nc3ccccc3[nH]2)cc1,1
COc1ccc(C)c(NCc2cnc3nc(N)nc(N)c3c2C)c1,0
CC/N=C(/NC#N)C1=CC(C)(C)Oc2ccc([N+](=O)[O-])cc21,0
O=S(=O)(c1ccccc1)c1cc(Cl)cc(OCCNc2ccncc2)c1,0
CCN(CC)CCCNC(=O)C(c1ccccc1)c1ccccc1,0
CCCCCC[N+](C)(C)CCCN1C(=O)c2ccccc2C1=O,0
O=C1CCC(=O)N1c2ccccc2,1
c1ccc(C2C(=O)NC(=O)N2)cc1,1
O=Cc1ccc(-n2cncn2)cc1,1
O=C(O)[C@H]1C[C@@H](C(=O)O)N1Cc1ccccc1,0
COc1ccc(-c2nc3ccccc3[nH]2)cc1,1
O=C1c2ccc(CN3CCCCC3)cc2C(=O)c2nccnc21,0
N[C@@H](Cc1c[nH]c2ccccc12)C(=O)N1Cc2ccccc2C[C@H]1C(=O)NCC(=O)O,0
Cn1c(=O)c2ccccc2[nH]c1=O,1
Cc1ccc(NC(=O)c2ccccc2)cc1,1
c1ccc2[nH]ncc2c1,1
c1ccc(-c2cnco2)cc1,1
COc1cc(C(=O)Nc2nn[nH]n2)nc(-c2ccc(Cl)cc2)c1,0
O=c1ccc2ccccc2o1,1
COc1cc(-c2ccccc2)nc2ccccc12,0
O=C(NC1CN2CCC1CC2)c1cccc2[nH]cnc12,0
Nc1nc2ccccc2o1,1
COC(=O)C1Cc2c([nH]c3ccccc23)C(CO)N1,0
Cc1cc2c(cc1C)N(C)S(=O)(=O)C1=CC=CN(C(C)C)C1=N2,0
CC(C)c1ccc(C(O)CC(C)C)cc1,1
CCCCCCCCCc1cccc(N2C(N)=NC(N)=NC2(C)C)c1,0
CC(=O)NC[C@@H]1OC(=O)N2c3ccc(-c4cccnc4)cc3CC[C@@H]12,0
CCC1NC(C(=O)OC)Cc2c1[nH]c1ccccc21,0
CC(=O)Nc1ccc2c(c1)C(=O)NC2=O,1
c1ccc2c(c1)nc[nH]2,1
c1ccc2sccc2c1,1
CCC(C)Cc1noc(C2CN=CNC2)n1.O=C(O)C(F)(F)F,0
CCc1ccc(-n2cncn2)cc1,1
CC(=O)N1CCN(C(=O)Cc2ccc(S(C)(=O)=O)cc2)C(CN2CC[C@H](O)C2)C1,0
c1ccc2sc(=S)[nH]c2c1,1
COc1ccc(OC)c(-c2cccn(C(CN3CCC(O)C3)c3ccccc3)c2=O)c1,0
CC1=C(C(=O)O)N2C(=O)C(NC(=O)Cc3ccccc3)C2SC1,1
Clc1ccc(N2CCOCC2)cc1,1
NC(C(=O)O)c1ccc(CP(=O)(O)O)c2ccccc12,0
Nc1ncnc2c1ncn2C1CC(CO)C1CO,0
O=C(Cn1c(=O)sc2ccc(Cl)cc21)N1CCC(C(=O)N2CCCc3ccccc32)CC1,0
CC(=O)Nc1ccc(O)cc1,1
c1ccc(C2CCCN2)cc1,1
COc1cc(/C=C/c2nc3c(c(=O)n(C)c(=O)n3C)n2C)cc(OC)c1OC(C)=O,0
O=C(O)c1nc2ccccc2o1,1
c1ccc2[nH]ccc2c1,1
NCc1ccn(-c2cc3c(cc2C(F)(F)F)[nH]c(=O)c(=O)n3CC(=O)O)c1,0
c1ccc(-n2cncn2)cc1,1
COC(=O)c1cc(C)n(/C(=N\c2ccc(OC)cc2)c2ccccc2)n1,0
CC1=CC(=O)NC(=O)C1,1
CN(C)CCC(C(N)=O)(c1ccccc1)c1ccccn1,0
[O-][n+]1cncc(C(O)(c2ccc(Cl)cc2)c2ccc(Cl)cc2)c1,0
c1ccc2c(c1)CCCN2,1
COc1c(C(=O)NCCN2CCN(c3ccccc3)CC2)ccc2ccccc12,0
O=C1Nc2ccccc2C1,1
Cc1c(Sc2ccccc2)n(COCCN=[N+]=[N-])c(=O)[nH]c1=O,0
CC(=O)N1CCN(c2ccccc2)CC1,1
Cc1ccc2c(c1)nc[nH]2,1
Oc1ccc2c(c1)C1CCCCC1C2,1
c1cn(-c2ccccn2)cn1,1
O=C(NCCNCC(O)c1ccccc1)C1CCCC1,0
CC(O)(c1ccc(Cl)cc1)C(O)(Cn1ccnc1)c1ccc(Cl)cc1,0
c1ccc(Cc2ccc(OCCn3cnc4cnccc43)cc2)cc1,0
O=C1NC(=O)c2cc(O)ccc12,1
C[C@@]12CCc3occc3C1CC[C@@]13CC(CCC12)C(O)(CO)C3,0
CCOc1ccccc1NC(=O)Nc1nc2ccncc2cc1C#N,0
[O-][S+]1c2ccccc2CCC12CCN(Cc1ccccc1)CC2,0
c1ccc2occc2c1,1
CNc1ncnc2c1ncn2Cc1ccc(F)cc1,0
CC1CC(=O)NC(=O)C1c2ccccc2,1
c1ccc(-c2nc3ccccc3s2)cc1,1
c1cnc2[nH]ccc2c1,1
O=C(Cc1ccccc1)N1CCC(Cc2ccccc2)C1,0
Cc1ccc(Oc2ccc(Cl)cc2C)c(CC(=O)O)c1,0
C[n+]1ccn(CCCC(C)(C)[N+](=O)[O-])c1/C=N/O.[Cl-],0
N=C(N)NCCC[C@H](NC(=O)c1ccccc1Br)C(=O)O,0
c1ccc(-n2ccnc2)cc1,1
c1ccc(C2=Nc3ccccc3O2)cc1,1
O=C(c1cccc(Cl)c1)c1ccc2n1CCCC2C(=O)O,0
O=C(O)c1nc2ccccc2s1,1
O=c1[nH]c(=O)c2ccccc2[nH]1,1
CC(C)CCn1c(Cn2c(=O)n(S(C)(=O)=O)c3ccccc32)nc2ccccc21,0
COc1ccc2c(c1)C(=O)NC2=O,1
c1ccc(Cn2ccnc2)cc1,1
CCOc1ccc(C(=O)c2ccc3n2CCC3C(=O)O)cc1,0
c1ccc(C2=Nc3ccccc3N2)cc1,1
Cc1ccc(C(=O)c2ccccc2)cc1,1
COc1ccc(NCCCCCCC(C)=O)c2c1C(=O)c1ccccc1C2=O,0
O=C(CC1Sc2ccccc2N(CC2CCCCC2)C1=O)NO,0
c1ccc(C2=NCCN2)cc1,1
Cc1nc2ccccc2[nH]1,1
COC(=O)C[C@@H](c1ccc(OC)nc1)N(C)C(=O)CCCCc1ccc2c(n1)NCCC2,0
C=Cn1cc(C(=O)O)c(=O)c2cc(F)c(N3CCC(NC=O)C3)nc21,0
Cc1ccccc1-c1ccc(C[C@H](CC(=O)NO)C(=O)N[C@H]2c3ccccc3C[C@H]2O)cc1,0
c1ccc2ncc3ccccc3c2c1,1
CSc1n[nH]c(-c2ccc(F)cc2)n1,0
O=C1CC(c2ccccc2)Nc2ccccc21,1
c1ccc(-c2ccco2)cc1,1
Cc1cc(C)n2nc(NS(=O)(=O)c3ccc(Cl)cc3)nc2n1,0
Nc1nc(O)c2ncn(C3CC(O)C(O)C(CO)O3)c2n1,0
CCc1cc(C#N)ccc1C/N=c1c(O)c(O)c\1=N/C(C)(C)CC,0
O=c1[nH]c2ccccc2c(=O)o1,1
O=S1(=O)N=C(NCCCOc2cccc(CN3CCCCC3)c2)c2cscc21,0
CCOC(=O)C1=CNC2=C(/C=N/c3ccccc3)CCN2C1=O,0
C[C@]12N[C@H](Cc3ccccc31)c1ccccc12,0
CC(C)=CCC1=C(O)C(=O)c2ccccc2C1=O,0
O=C1NC(=O)c2cc([N+](=O)[O-])ccc12,1
CC(=O)Oc1ccccc1C(=O)O,1
Fc1ccc(N2CCNCC2)cc1,1
O=C(NCCc1ccc2ccccc2c1)[C@H](CC#Cc1ccc(F)cc1F)NCP(=O)(O)O,0
O=C1NC(=O)C(CC#Cc2ccc(C(F)(F)F)cc2)(S(=O)(=O)c2ccc(Cl)cc2)S1,0
Cc1nn(-c2cccc(N)c2)c2oc3cc(OCCc4ccccc4)ccc3c(=O)c12,0
O=C(NCCCn1ccnc1)c1sc2cc(F)ccc2c1Cl,0
COc1ccc(-c2nc(C(=O)N3CCOCC3)sc2-c2ccc(OC)cc2)cc1,0
COc1ccc2[nH]c(nc2c1)S(=O)Cc3ncc(C)c(OC)c3C,1
c1ccc(CCCN2CCN(CCN(Cc3ccccc3)c3ccccn3)CC2)cc1,0
c1ccc(Cn2ccnc2)cc1,1
CC(C)(Sc1nc2cc(Cl)cnc2n1Cc1ccc(Cl)cc1)C(=O)O,0
O=c1cc[nH]c2ccccc12,1
Nc1ccc(S(=O)(=O)Nc2ncccn2)cc1,1
c1ccc2c(c1)C(=O)NC2=O,1
CN1C=NC2=C1C(=O)N(C(=O)N2C)C,1
c1ccc(-c2ccc[nH]2)cc1,1
O=C(O)c1c(=O)c2cc(F)c(N3CCNCC3)cc2n2ccsc12,0
c1ccc2c(c1)ncs2,1
O=C(O)/C=C/c1ccccc1Oc1ccc(Cl)cc1Cl,0
c1ccc(N2CCOCC2)cc1,1
CC(C)(C)NCC(O)c1ccc(O)c(O)c1,1
CN1CCN(c2nc3ccccc3n2C)CC1,0
Cc1ccccc1CNC(=O)Cn1c(Cl)cnc(NCC(F)(F)c2cccc[n+]2[O-])c1=O,0
O=C1NC(=O)c2cc(C#N)ccc12,1
COc1ccc(-c2ccco2)cc1,1
Cc1cn(CC2(CO)CC2CO)c(=O)[nH]c1=O,0
CC(C)C[C@H](N)C(=O)Nc1ccc([N+](=O)[O-])cc1,0
Nc1nc2ccccc2[nH]1,1
CN1CCc2cc(Cl)c(O)cc2C(c2cccc(Br)c2)C1,0
CCCCc1oc2ccccc2c1COc1cccc(/C(C)=C/Cn2oc(=O)[nH]c2=O)c1,0
Cc1ccc(S(=O)(=O)NC(=O)NN2CCCC2)cc1,1
Cc1ncc(COP(=O)(O)O)c(C=O)c1O,1
CCOCc1c(O)ccc2nc3c(cc12)Cn1c-3cc2c(c1=O)COC(=O)[C@]2(O)CC,0
CN1CCC(OC(=O)c2ccccc2COc2ccccc2)CC1,0
O=C(O)c1ccc2c(=O)n3c(nc2c1)CCCCC3,0
O=C1CN2Cc3c(ccc(N4CCCC4)c3Cl)NC2=N1,0
CCCCN1C(=O)CCC(CC)(c2ccncc2)C1=O,0
CC1(C)CCC2=C(O1)c1ccccc1CC2,1
Cn1c(=O)c2c(ncn2C)n(C)c1=O,1
CC(C)CCN1C(=O)C(CC(=O)NO)Cc2ccccc21,0
Nc1nc(Cl)c2ncn([C@@H]3C[C@@H]4C[C@H](C(=O)O)O[C@@H]4C3)c2n1,0
c1ccc2c(c1)nc1ccccc1n2,1
CCN1CCCC1CNC(=O)c1cc(N(C)S(=O)(=O)N(C)C)ccc1OC,0
O=C(O)C1=CC(O)C(O)C(Oc2ccc([N+](=O)[O-])cc2)O1,0
CCOC(=O)Cc1ccccc1OCCn1ccnc1,0
O=P(O)(O)C(F)(F)c1ccc(CC(c2ccccc2)n2nnc3ccccc32)cc1,0
c1cn(-c2cccnc2)cn1,1
c1ccc2oc(=S)[nH]c2c1,1
c1cn(-c2ccc(F)cc2)cn1,1
c1ccc2c(c1)CCNC2,1
Clc1ccc(-c2cccs2)cc1,1
Cc1ccc(NC23CC4CC(CC(C4)C2)C3)nc1,0
c1ccc(-c2nc3ccccc3o2)cc1,1
O=C(c1ccccc1)c1c[nH]c2nncc-2c1OC1CCCCC1,0
c1ccc2[nH]c3ccccc3c2c1,1
CC(C)Oc1c(C(=O)Nc2nn[nH]n2)n(-c2ccccc2)c2ccc(Br)cc12,0
Clc1ccc(COc2ccccc2)cc1,1
c1ccc2[nH]c(=O)ccc2c1,1
CCCCCN1C(=O)C2CC(c3ccc(N)cc3)(C2)C1=O,0
O=C1Cc2ccccc2N1,1
